job_id,title,search_role,company,location,country,salary_min,salary_max,contract_type,created_date,description
5763534198,Data Scientist (h/f),Data Scientist,LHH Recruitment Solutions,"Saint-Denis, Seine-Saint-Denis",France,,,permanent,2026-06-14T13:18:44Z,"Rattaché(e) au Directeur du Développement, vous avez pour mission de valoriser les données issues des différents systèmes de l'entreprise afin d'en faire un levier de performance et d'aide à la décision. À ce titre, vos responsabilités s'articulent autour des axes suivants : * Analyse et exploitation des données : Collecter, structurer et analyser les données issues des différents systèmes internes. Garantir leur fiabilité et leur cohérence, et produire des indicateurs ainsi que des tableaux de…"
5763334997,Data Scientist (h/f),Data Scientist,LHH Recruitment Solutions,"Saint-Denis, Seine-Saint-Denis",France,,,permanent,2026-06-14T09:12:34Z,"Rattaché(e) au Directeur du Développement, vous avez pour mission de valoriser les données issues des différents systèmes de l'entreprise afin d'en faire un levier de performance et d'aide à la décision. À ce titre, vos responsabilités s'articulent autour des axes suivants : * Analyse et exploitation des données : Collecter, structurer et analyser les données issues des différents systèmes internes. Garantir leur fiabilité et leur cohérence, et produire des indicateurs ainsi que des tableaux de…"
5738357374,Lead Data Scientist H/F (CDI),Data Scientist,Kaino,"Hauts-de-Seine, Ile-de-France",France,,,permanent,2026-05-23T05:38:19Z,"Lead Data Scientist Secteur : Distribution Multimarques CDI – Client Final Kaino, cabinet de recrutement spécialisé en Data, recherche un Lead Data Scientist en CDI pour un groupe français leader, spécialiste du retail , dans le cadre de la structuration et de la montée en puissance de son pôle Data Science. Fort d’une organisation très avancée dans la digitalisation de ses métiers et de son SI, ce groupe mise aujourd’hui sur l’intelligence artificielle pour optimiser ses performances sur l’ens…"
5763645977,Data scientist F/H (CDI),Data Scientist,COVEA,"1er Arrondissement, Paris",France,,,permanent,2026-06-14T16:40:09Z,"Covéa est un groupe mutualiste engagé, constitué des marques MAAF, MMA, GMF et du réassureur PartnerRe. Acteur économique majeur des territoires, grâce à ses 24 000 collaborateurs, Covéa protège plus de 11 millions de clients et sociétaires en France. Rejoignez le leader de l’assurance, contribuez à sa réussite : votre talent, notre engagement ! Rejoignez la Direction des Dirigeants, des Cadres Supérieurs et de l’Accompagnement de COVEA, en intégrant une équipe de 4 collaborateurs au sein de la…"
5753324071,Data Scientist,Data Scientist,CapsLock,France,France,,,,2026-06-05T18:14:47Z,"We are seeking a driven and creative Data Scientist with a minimum of 3 years of experience in a data science or machine learning role, who will be instrumental in building predictive models, testing hypotheses, and providing statistically sound insights that enhance our lead generation capabilities. The Data Scientist will be part of our analytics team, working closely with IT, marketing, media buying and CRO teams to transform raw data into actionable insights, whether that means building rea…"
5595809132,Data Scientist,Data Scientist,Ministere Interieur,France,France,,,contract,2026-01-22T19:59:30Z,Informations générales Référence BS092ACA-113980 Date limite de candidature 31/12/2026 Versant Fonction publique d'Etat Catégorie Catégorie A (cadre) Nature de l'emploi Emploi ouvert aux fonctionnaires et/ou contractuels Domaine et métier Numérique - Data Scientist Type de poste Technique et spécialisé Statut du poste Vacant Intitulé du poste Data Scientist Description du poste Groupe RIFSEEP : 3 Vos activités principales : Sous l’autorité du directeur de programme ou du chef de projet en charg…
5738221258,Data scientist,Data Scientist,ENOVA Consulting,"Rhône, Auvergne-Rhône-Alpes",France,60000.0,70000.0,,2026-05-23T03:01:29Z,"ENOVA poursuit son développement et renforce ses équipes en intégrant un(e) Data Scientist Senior en CDI. Vous rejoindrez notre communauté de consultants et interviendrez en mission longue durée au sein d'un grand compte, dans un environnement stimulant et innovant. Vous intégrerez les équipes Data & IA d'un grand acteur international du secteur pharmaceutique, au sein d'un projet stratégique visant à transformer la gestion des équipements industriels grâce à l'intelligence artificielle. L'obje…"
5738060407,Data Scientist,Data Scientist,"Ministère des armées. Liberté, égalité, fraternité.","Paris, Ile-de-France",France,,,contract,2026-05-22T23:01:17Z,"Vos missions en quelques mots Le Data Scientist intègre l’équipe en tant que référent technique/ scientifique, il est chargé d’accompagner les juniors dans leur montée en compétences tout en participant à la réalisation des projets data 360 et IA. Il est également en charge de l’utilisation des technologies Big Data et IA, dans le but d’aider à la prise de décision et faire de la veille technologique sur les architectures Big Data et IA. Vous aurez la responsabilité de : • Analyser des données …"
5740324167,Data Scientist,Data Scientist,Canopee,"Paris, Ile-de-France",France,,,,2026-05-25T11:34:12Z,"Quelques mots sur l’Empowering Ecosystem Nous sommes un cabinet de conseil multi-spécialiste. C’est dans le secteur financier que nous avons développé depuis 2009, notre agilité et nos compétences, autour de nos 3 expertises phares : Conseil Métier Finance, Data & Transformation digitale. Ici, l’empowerment est au cœur du quotidien de chacun et nous engageons notre collectif, sur une trajectoire de performance responsable, humaine et économique. Pour intégrer notre client grand compte, nous rec…"
5762408898,Data Scientist,Data Scientist,Novelab,"Paris, Ile-de-France",France,,,,2026-06-13T11:45:21Z,"Contexte de la mission Au sein de Novelab, vous interviendrez sur un projet stratégique dans le domaine de la simulation de systèmes AD/ADAS (aide à la conduite et conduite autonome) pour un grand acteur industriel. L’objectif de la mission est d’apporter une expertise en Data Science et Intelligence Artificielle afin de développer une plateforme d’automatisation intelligente basée sur l’IA générative. Vous travaillerez au cœur d’un environnement innovant, à l’interface entre data, IA et simula…"
5761934511,Data scientist,Data Scientist,Spirica,"Paris, Ile-de-France",France,,,,2026-06-13T04:25:18Z,"Dans le cadre de son développement, SPIRICA recherche un(e) data scientist en Contrat à Durée Indéterminée. En étroite collaboration avec la Direction de l'Innovation, le service Data, au sein de la Direction de l'Actuariat, IFRS 17 et Data, intervient comme un véritable laboratoire scientifique pour initier, développer, superviser et maintenir les projets Data et IA stratégiques de l'entreprise avec un fonctionnement souple en mode projet ; lui permettant ainsi d'adresser les cas d'usage avec …"
5606728779,Data Scientist,Data Scientist,Mistral AI,"Paris, Ile-de-France",France,,,,2026-01-30T20:32:29Z,"About Mistral At Mistral AI, we believe in the power of AI to simplify tasks, save time and enhance learning and creativity. Our technology is designed to integrate seamlessly into daily working life. We democratize AI through high-performance, optimized, open-source and cutting-edge models, products and solutions. Our comprehensive AI platform is designed to meet enterprise needs, whether on-premises or in cloud environments. Our offerings include le Chat, the AI assistant for life and work. W…"
5662770874,Data scientist,Data Scientist,Caisse des dépôts groupe,"Paris, Ile-de-France",France,,,contract,2026-03-12T21:15:28Z,"Vos missions en quelques mots Au sein de la Direction des prêts de la Banque des Territoires, vous rejoignez l’équipe DPHD80 Data Etudes et Pilotage en tant que Data Scientist. Votre mission principale consistera à concevoir et mettre en œuvre des outils de traitement automatique du langage (NLP) pour analyser, classifier et extraire automatiquement des informations à partir des documents textuels liés aux dossiers de prêt. Vous pourrez être amené(e), ponctuellement et lorsque cela sera nécessa…"
5481820243,Data Scientist,Data Scientist,Veepee,"Paris, Ile-de-France",France,,,,2025-11-05T11:47:48Z,"Pioneer of online flash sales since 2001 and key player in European e-commerce, Veepee collaborates with over 7,000 brands to offer highly discounted products available for a limited time. Operating across various sectors, including fashion, home, wine, travel or beauty Veepee achieved a turnover of 3.3 billion euros incl. VAT in 2024 and employs 5,000 staff members across 10 countries.  JOB DESCRIPTION As a Data Scientist, you’ll join our Data Science team, distributed across Paris, Lyon, Barc…"
5759793727,Data scientist,Data Scientist,Agence nationale de sécurité sanitaire - Anses,"Niort, Deux-Sèvres",France,,,,2026-06-11T11:58:37Z,L’Anses recrute un Data scientist (H/F) Poste basé à Niort (79) - Contrat à durée déterminée de droit public jusqu’au 31/12/2028 - Date de prise de fonctions : Septembre 2026 Rémunération : Selon l’expérience et le niveau de formation par référence aux grilles indiciaires des agences sanitaires ou selon statut particulier si fonctionnaire. Conditions particulières : Déplacements en France (grand Ouest) et ponctuellement en Europe. Réunions régulières en visioconférence avec les partenaires étra…
5747424762,Data Scientist,Data Scientist,ChemAI,"Lyon, Rhône",France,,,,2026-06-01T11:38:01Z,"About ChemAI ChemAI is an AI-for-chemistry company building SmartChemistry® - a “chess engine for chemistry” that discovers novel, manufacturable synthetic routes to known medicines. Our edge is a proprietary reaction corpus of 30M reactions, dominated by industrially relevant process chemistry rather than the small-scale medicinal-chemistry data that most AI tools in this space are trained on. We work in two strategically linked directions: with non-profit foundation partners, we use SmartChem…"
5726654809,Data Scientist,Data Scientist,Armée de l’air et de l’espace,"Mont-de-Marsan, Landes",France,,,,2026-05-12T11:24:11Z,"Être militaire, c’est servir l’État, au sein des Armées, en portant l’uniforme. Cela implique discipline, disponibilité et loyauté. Le sens de l’adaptation et le goût de l’effort sont des qualités indispensables. Être officier, c’est être en situation de responsabilité, en particulier auprès du personnel placé sous ses ordres. Cela suppose d’avoir le sens de l’humain et une certaine forme d’exigence vis-à-vis de soi-même. ESIOC 62.430 Mont-de-Marsan Les missions de l’Escadron des systèmes d’inf…"
5744957691,Data Scientist,Data Scientist,"Ministère des armées. Liberté, égalité, fraternité.","Paris, Ile-de-France",France,,,contract,2026-05-29T23:07:31Z,"Vos missions en quelques mots - organise la phase de recueil du besoin DATA pour les projets applicatifs de la plateforme et propose les évolutions d’architecture pour permettre leur stockage, transformation, mise en qualité et utilisation. Il collabore avec l’équipe d’architecture plateforme - organise la sécurisation des accès et la gestion applicative de ces derniers au sein de la plateforme (Usine logicielle du CICoS). Il gère les équipes de développement Data/IA pour la réalisation des log…"
5661254579,Data scientist,Data Scientist,Cdiscount,"Gironde, Nouvelle-Aquitaine",France,,,permanent,2026-03-11T05:07:09Z,"Chez Peaksys, les équipes Data Science sont au cœur de la stratégie d’innovation. En rejoignant l’équipe Data Consulting, tu participeras activement au développement et à l’optimisation des modèles (ML, IA, Image,…) pour améliorer les équipes d’Octopia et de CNova dans l’amélioration des performance business que ce soit au niveau de l’écosystème des vendeurs, de la gestion de catalogue ou encore au niveau des référentiels offres ou catalogues. Tu seras impliqué dans : - Le développement de modè…"
5722078684,Data Scientist,Data Scientist,Sonio,"Paris, Ile-de-France",France,45000.0,55000.0,,2026-05-07T22:43:31Z,"About Sonio Each year, 140M children are born. Birth defects affect 1 in 33 births in developed countries, and in 50% of cases, they are not detected during prenatal examinations. Prenatal medicine is particularly complex, and the scans impose heavy responsibilities on healthcare professionals. They can also be a source of stress for future parents. Resulting from 5 years of collaboration between world-renowned experts from Necker Hospital and Ecole Polytechnique, Sonio uses artificial intellig…"
5747425589,Business Data Analyst,Data Analyst,Everyware - Expert recrutement tech,"Paris, Ile-de-France",France,,,,2026-06-01T11:38:35Z,"Je recrute pour mon partenaire, un acteur majeur de la protection sociale engagé dans une transformation ambitieuse de son environnement Data. Vous rejoindrez une équipe au cœur des enjeux de qualité, de gouvernance et de valorisation des données, sur des projets stratégiques autour des référentiels de données et du Master Data Management. Le poste allie expertise fonctionnelle, analyse de données et proximité avec les métiers dans un environnement technique moderne. Missions : Recueillir et an…"
5759325548,Data analyst junior h/f (CDI),Data Analyst,JD CONSULTANTS,"Cantal, Auvergne-Rhône-Alpes",France,,,permanent,2026-06-11T03:44:30Z,"JD CONSULTANTS, cabinet de recrutement spécialisé. Notre Client est un réseau vétérinaires formé depuis une vingtaine d'années par des professionnels du métier. L'ambition des vétérinaires à l'initiative de ce projet : s'allier pour réaliser des économies et mutualiser les achats et leurs connaissances. Présent à l'International, et en France depuis 6 ans, c'est dans le cadre du renforcement de l'équipe Data France, que nous recherchons un (h/f) : "" Data Analyst Junior "" Basé à Aurillac (Cantal…"
5763365721,Data Analyst en alternance H/F,Data Analyst,Fiducial,"Lyon, Rhône",France,,,,2026-06-14T09:24:48Z,"FIDUCIAL est le leader des services pluridisciplinaires aux petites entreprises, artisans, commerçants, professions libérales dans les métiers du droit, expertise comptabilité, banque, conseil financier, informatique, fourniture de bureau et sécurité. Nous recrutons un Data Analyst H/F en alternance à Lyon. Vous aurez les missions suivantes : •Traitement et analyse de données : - Collecter et nettoyer des bases de données - Automatiser le traitement des données via différents scripts - Réaliser…"
5733270725,Alternant Data sales analyst (en ),Data Analyst,OpenClassrooms,"Yerville, Rouen",France,108000.0,192000.0,contract,2026-05-18T18:53:07Z,Description du poste Bienvenue ! Cette opportunité fait partie d’un programme d'alternance proposé par OpenClassrooms. Elle s’adresse exclusivement aux candidats souhaitant suivre une formation en alternance avec OpenClassrooms. Seules les candidatures correspondant à ce critère pourront être étudiées. Qu’est-ce qu’un programme d'alternance ? C’est un parcours qui vous permet d’apprendre via une formation dédiée tout en travaillant au sein d'un employeur et en percevant une rémunération. Une fa…
5733270752,Alternant Data sales analyst (en ),Data Analyst,OpenClassrooms,"Seine-Maritime, Normandie",France,108000.0,192000.0,contract,2026-05-18T18:53:07Z,Description du poste Bienvenue ! Cette opportunité fait partie d’un programme d'alternance proposé par OpenClassrooms. Elle s’adresse exclusivement aux candidats souhaitant suivre une formation en alternance avec OpenClassrooms. Seules les candidatures correspondant à ce critère pourront être étudiées. Qu’est-ce qu’un programme d'alternance ? C’est un parcours qui vous permet d’apprendre via une formation dédiée tout en travaillant au sein d'un employeur et en percevant une rémunération. Une fa…
5761835966,Product Data Analyst H/F (CDI),Data Analyst,Mercato de l'emploi,"Pyrénées-Orientales, Occitanie",France,,,permanent,2026-06-13T00:19:41Z,"Rejoignez un acteur AdTech en forte croissance ! Mon client développe des solutions publicitaires innovantes, transparentes et responsables qui permettent aux éditeurs numériques de maximiser leurs revenus tout en préservant l'expérience utilisateur. Dans un contexte où les médias doivent relever de nombreux défis (monétisation, fidélisation des audiences, performance publicitaire, disparition des cookies tiers), mon client propose une plateforme tout-en-un qui simplifie et optimise la gestion …"
5709459780,Data analyst,Data Analyst,Homa,"Paris, Ile-de-France",France,,,,2026-04-24T19:53:14Z,"Homa is a global mobile game developer and publisher creating games people love. We partner with studios and internally develop games, having launched over 80 titles, reached over 2 billion downloads, and seen our game All in Hole break into the global top-50 grossing charts. These are milestones, not the finish line. With deep expertise in product and technology, we built Homa Lab, our proprietary platform that gives developers the market intelligence, data tools, and game tech, with AI built-…"
5761603839,Data Analyst,Data Analyst,Capijobnew,France,France,,,,2026-06-12T22:34:05Z,"L’entrepriseC’est une startup pépite Lyonnaise qui révolutionne dans le domaine de la gestion de trésorerie. En moins de 5 ans, elle est devenue l’une des scale-up les plus rapides d’Europe, avec plus de 3500 clients et une croissance du CA de plus de 900 %.Rapide et intuitive, leur solution SaaS permet aux dirigeants et entrepreneurs d’automatiser leurs prévisions et leur suivi de trésorerie. Leur ambition est de devenir la solution globale de gestion financière pour les PME en Europe.Grâce à …"
5760743723,DATA ANALYST,Data Analyst,Toutechniciens,"Magny-les-Hameaux, Maurepas",France,38000.0,40000.0,,2026-06-12T03:14:33Z,"Notre client acteur de l'aéronautique recherche un DATA ANALYST H/F, vous aurez pour missions : - Accompagner les Gestionnaires de Compte Clients dans l'utilisation et l'optimisation des outils existants (support de proximité, résolution rapide des irritants), - Développer ou améliorer des solutions simples et rapides (type automatisations, reporting, interfaces) pour fluidifier les processus, - Mettre en place des indicateurs de performance (KPI) fiables et partagés permettant un pilotage plus…"
5695939878,Data Analyst,Data Analyst,Grohe R.L.,"La Défense, Courbevoie",France,900.0,1400.0,,2026-04-10T22:30:26Z,"Data Analyst À propos de GROHE GROHE est une marque mondiale leader dans les solutions complètes de salle de bains et de robinetterie de cuisine, dont la vocation est de fournir des produits sanitaires innovants qui procurent un « Pure Freude an Wasser ». Technologie, qualité, design et respect de l’environnement sont les valeurs qui illustrent l’engagement de GROHE à créer des expériences d’exception. Les activités de conception, d’ingénierie, de recherche et développement étant réalisées en A…"
5761928940,DATA ANALYST,Data Analyst,Fed Group,"Créteil, Val-de-Marne",France,65000.0,70000.0,permanent,2026-06-13T04:10:14Z,"FED FINANCE cabinet de recrutement spécialisé recherche pour une banque de renom un : Data analyst FED FINANCE cabinet de recrutement spécialisé recherche pour une banque de renom en pleine croissance Rattaché au Responsable du contrôle de gestion, vos principales missions seront les suivantes : - extraction et recueil des données financières pertinentes (PNB) ; - traitement et analyse des données; - mise en place des tableaux de bord pour les différentes équipes ; - recommandations aux Manager…"
5014307853,Data Analyst,Data Analyst,Temeritati,France,France,,,,2025-01-17T14:02:06Z,"Temeritati est un cabinet de conseil en management spécialisé dans les secteurs financier et industriel. Notre expertise repose sur le triptyque « Risques & Conformité », « Efficacité opérationnelle » et « Transformation digitale » Dans le cadre de notre développement, nous recherchons des profils pour renforcer notre pôle d'expertise avec des profils Data Scientist Contexte de la mission En tant que data analyste au sein de l’équipe marketing digital / crawlpricing, votre première mission sera…"
5595966140,Data Analyst,Data Analyst,Eleveight Group,France,France,,,,2026-01-22T20:13:48Z,"Le poste Poste basé à : Casablanca Mode d'intervention : Hybride Type de contrat : CDI Démarrage : ASAP Niveau d'étude demandé : Bac5 Descriptif du poste Êtes-vous à la recherche d'un nouveau challenge ? Nous vous invitons à rejoindre Eleveight ! Nous recherchons pour notre compte un Data Analyst qui aura comme missions ce qui suit. Collecter, nettoyer et structurer les données issues de différentes sources Analyser les données afin d’identifier tendances, anomalies et insights business Concevo…"
5758614486,Data Analyst,Data Analyst,Hitapps,France,France,,,,2026-06-10T17:21:18Z,"What are you working on? Genres: Casual, Puzzle, Word Games Platforms: iOS, Android  Hitapps is a GameDev company specializing in Puzzle Games. We have several successful products in both categories with a combined total of over 150M downloads, and we are regularly featured in the top charts in the Games section. Our culture is built on transparency, we are results-oriented and respect the improvement. Currently, we are in search of a Data Analyst , whom we will entrust with analytics for our p…"
5745458678,data analyst,Data Analyst,Infotel,"Neuilly-sur-Seine, Nanterre",France,,,,2026-05-30T11:35:11Z,"Data analyst (H/F) Île-de-France Disponibilité : selon préavis Le Groupe Depuis plus de 45 ans, Infotel accompagne les grandes entreprises dans leurs enjeux IT et de transformation digitale. Avec plus de 3 400 collaborateurs et chiffre d’affaires de 294,5 M€ en 2025, le groupe intervient sur des projets structurants dans des secteurs clés tels que la banque, l’assurance et l’industrie. Sa force repose sur un modèle intégré combinant expertises techniques et métiers : OAIO, cabinet de conseil en…"
5700927244,Data Analyst,Data Analyst,ASSYSTEM,France,France,,,,2026-04-16T04:14:25Z,"Position Summary Company Description Assystem is an international company with one mission: accelerate the energy transition around the world. Every day, our 6,500 switchers located in 12 countries (Europe, Middle East, Pacific Asia & Africa) connect their six thousand billion neurons to tackle the task of the century: switching to low-carbon energy. We are a collective committed to the actors who are making the energy switch. Sharing our knowledge, expertise and values allows us to innovate an…"
5726667424,Data Analyst,Data Analyst,Armée de l’air et de l’espace,France,France,,,,2026-05-12T11:32:13Z,"Être militaire, c’est servir l’État, au sein des Armées, en portant l’uniforme. Cela implique discipline, disponibilité et loyauté. Le sens de l’adaptation et le goût de l’effort sont des qualités indispensables. Être officier, c’est être en situation de responsabilité, en particulier auprès du personnel placé sous ses ordres. Cela suppose d’avoir le sens de l’humain et une certaine forme d’exigence vis-à-vis de soi-même. CTAAE/BNUM Base aérienne 106 – Bordeaux-Mérignac UNITÉ Nouveau grand comm…"
5743805965,Data analyst (h/f),Data Analyst,Mailinblack,"Allauch, Marseille",France,,,,2026-05-28T22:43:40Z,"À propos de Mailinblack Rejoignez Mailinblack, le leader français de la cybersécurité.  Depuis 2003, nous protégeons les entreprises en plaçant l’humain au cœur de la cybersécurité. Avec U-Cyber 360 , notre offre phare, nous accompagnons plus de 22 500 clients et avons bloqué près de 150 millions de cyberattaques en 2025 . Nous sommes aujourd’hui 110 collaborateurs à Marseille, et nous cultivons un environnement où l’innovation , le respect et la confiance guident chacune de nos actions. Pour a…"
5726695809,Data Analyst,Data Analyst,Armée de l’air et de l’espace,"Toulouse, Haute-Garonne",France,,,,2026-05-12T11:39:44Z,"Être militaire, c’est servir l’État, au sein des Armées, en portant l’uniforme. Cela implique discipline, disponibilité et loyauté. Le sens de l’adaptation et le goût de l’effort sont des qualités indispensables. Être officier, c’est être en situation de responsabilité, en particulier auprès du personnel placé sous ses ordres. Cela suppose d’avoir le sens de l’humain et une certaine forme d’exigence vis-à-vis de soi-même. CDE/BNUM TOULOUSE Le Commandement de l’Espace (CDE) a été créé le 3 septe…"
5737147859,Data analyst - h/f,Data Analyst,CH Chaumont,"Haute-Marne, Grand-Est",France,,,permanent,2026-05-22T03:51:17Z,"Description entreprise : Le Centre Hospitalier de Chaumont est un établissement situé en Haute-Marne, connu pour la diversité de ses soins. Il propose des services spécialisés en médecine, chirurgie, obstétrique, pédiatrique, gériatrie,un service d'urgence ainsi qu'un plateau technique en rééducation. De plus, l'EHPAD Centre Jean-François Bonnet de Riaucourt est rattaché au Centre Hospitalier. Des projets de modernisation sont en cours, avec la construction d’un nouvel hôpital. Description du p…"
5751185880,Data Engineer DataIku - Services Financiers – Lille,Data Engineer,Sopra Steria,"Villeneuve-d'Ascq, Lille",France,,,,2026-06-03T23:54:07Z,"Description de l'entreprise Sopra Steria , acteur majeur de la Tech en Europe, avec 51 000 collaborateurs dans près de 30 pays, est reconnu pour ses activités de conseil, de services et solutions numériques. Il aide ses clients à mener leur transformation digitale et à obtenir des bénéfices concrets et durables. Le Groupe apporte une réponse globale aux enjeux de compétitivité des grandes entreprises et organisations, en combinant une connaissance approfondie des secteurs d’activité et des tech…"
5763330477,DATA ENGINEER,Data Engineer,Ministère des Armées,"Malakoff, Antony",France,,,permanent,2026-06-14T09:10:59Z,"- Concevoir, développer et maintenir des chaines de traitement et d'enrichissement des données ; - S'assurer de la qualité des données et traiter les demandes exprimées par les utilisateurs ; - Analyser les besoins des utilisateurs au regard des capacités fournies par les outils décisionnels. Concevoir, en fonction, des univers décisionnels, des d'entrepôts de données, réaliser les tests de bon fonctionnement ; - Participer à l'administration et à la maintenance des bases de données ; - Créer, …"
5752465087,Data Engineer Talend / PostgreSQL – Défense & Sécurité – Île-de-France,Data Engineer,Sopra Steria,"Courbevoie, Nanterre",France,,,,2026-06-05T00:02:58Z,"Description de l'entreprise Sopra Steria, acteur majeur de la Tech en Europe, avec 51 000 collaborateurs dans près de 30 pays, est reconnu pour ses activités de conseil, de services et solutions numériques. Il aide ses clients à mener leur transformation digitale et à obtenir des bénéfices concrets et durables. Le Groupe apporte une réponse globale aux enjeux de compétitivité des grandes entreprises et organisations, en combinant une connaissance approfondie des secteurs d’activité et des techn…"
5726702507,Data Engineer,Data Engineer,ADVANCED SCHEMA,France,France,,,,2026-05-12T11:41:37Z,"ADVANCED SCHEMA est une société de services informatiques spécialisée dans la donnée. Depuis 23 ans, nous créons des plateformes data sur mesure pour nos clients, orientées usages et alliant qualité, performance, sécurité et gouvernance. ADVANCED SCHEMA a développé de nouvelles activités pour réaliser l'ambition du groupe : devenir une entreprise end-to-end, en proposant une offre à 360° à nos clients pour les accompagner à chaque étape de leurs projets. À ce jour, nous sommes près de 250 passi…"
5749735300,Senior Data Engineer Snowflake H/F - Sopra Steria Next,Data Engineer,Sopra Steria,"Courbevoie, Nanterre",France,,,,2026-06-03T00:03:45Z,"Description de l'entreprise Sopra Steria Next est la marque de conseil en transformation digitale du Groupe Sopra Steria. Ses 3 400 consultants en Europe conçoivent des stratégies visionnaires, réellement actionnables et s'engagent sur des résultats tangibles pour les entreprises, leurs collaborateurs et leurs clients. Sopra Steria Next fait partie du Groupe Sopra Steria, acteur majeur de la Tech en Europe, reconnu pour ses activités de conseil, de services numériques et d'édition de logiciels.…"
5733889766,AWS Data Engineer,Data Engineer,WHIZE,"Neuilly-sur-Seine, Nanterre",France,,,,2026-05-19T11:34:10Z,"Welcome To The World Of Whizdom! Whize est une filiale du groupe Neurones (7000 collaborateurs en France), spécialisée dans le domaine de la Data Intelligence et du développement de solutions sur mesure en architecture Serverless. Notre positionnement se décline en 3 offres : Modern BI : expertise sur toute la chaine décisionnelle (Power BI, Tableau, AZURE Data Factory) Data Engineering : Manipulation et préparation de la Data en utilisation Python et SQL avancé. Développement en Cloud Native: …"
5737476269,Data Engineer Infrastructure & Data Platform,Data Engineer,ALFI : Financial Markets Consultancy Services,"Boulogne-Billancourt, Hauts-de-Seine",France,,,,2026-05-22T11:32:32Z,"Depuis 25 ans, ALFI apporte son expertise aux institutions financières , à leurs DSI et Directions Métiers pour mener à bien leurs projets de transformation. Spécialistes des enjeux financiers et technologiques , nous aidons nos clients à repenser leurs modèles, optimiser leurs processus et intégrer des solutions innovantes adaptées aux évolutions du secteur. Nous nous distinguons par notre double compétence technique et fonctionnelle , qui nous permet d’intervenir auprès des Banques de Finance…"
5763383168,DATA Engineer - H/F,Data Engineer,E.Leclerc,France,France,,,permanent,2026-06-14T09:27:52Z,"La DSI pilote une migration progressive vers une architecture GCP (BigQuery, DBT, Airflow) pour remplacer un environnement hétérogène composé de bases relationnelles (Oracle, SQL Server, MySQL, Progress SQL), de fichiers QVD et d'ordonnancement Airflow. Dans ce cadre, le Data Engineer recruté aura pour mission de construire, industrialiser et maintenir les pipelines de données alimentant les couches Bronze, Silver et Gold de l'architecture Medallion, en lien direct avec les équipes métier, BI e…"
5726656696,Data Engineer H/F,Data Engineer,Néosoft,"Lille, Nord",France,,,,2026-05-12T11:24:31Z,"Nous recherchons pour intégrer notre agence lilloise un(e) Data Engineer . Vous aiderez les clients à consolider un patrimoine Data responsable.  Vos missions : Après une période d’intégration, en tant que Data Engineer , voici à quoi ressembleront vos activités dans des contextes clients Retail ou Banque / Assurance / Finance : Analyser et s'approprier les cas d'usages Analyser et valoriser les données du patrimoine Mettre en place des flux de transformation de données Réaliser les tests perme…"
5755358978,Data Engineer-Paris_CDI,Data Engineer,"Halian | Managed Services, Recruitment Agency & Contract Staffing",France,France,,,,2026-06-07T12:02:17Z,"Data Engineer – Stack moderne & environnement en construction Stack technique ELT & Orchestration : Matillion Data Productivity Cloud (en production – MLOps en phase de conception) Cloud Platform : Snowflake (en production – MLOps en phase de conception) Data Visualization & BI : ThoughtSpot (en production) Data Science : Dataiku (en cours de décommissionnement, remplacé progressivement par des capacités AI natives) Versioning & CI/CD : GitLab Cloud (en cours de déploiement) Infrastructure as C…"
5739814120,Data Engineer H/F (CDI),Data Engineer,Mercato de l'emploi,"Bas-Rhin, Grand-Est",France,,,permanent,2026-05-24T17:44:21Z,"Notre client est un acteur français de référence sur le marché des avis clients certifiés. Depuis plus de dix ans, il accompagne des milliers de TPME — artisans, commerçants, entreprises de services — dans la valorisation de leur savoir-faire. Tiers de confiance reconnu, sa mission est double : protéger les consommateurs en garantissant l'authenticité des avis publiés, et valoriser les entreprises françaises sérieuses. Sa plateforme SaaS propriétaire combine un système d'avis contrôlés (collect…"
5750382511,Data Engineer Senior H/F,Data Engineer,OVENTI Consulting,France,France,,,,2026-06-03T11:37:29Z," OVENTI est un cabinet de conseil en Data et Intelligence Artificielle qui allie expertise technique de pointe, vision stratégique et accompagnement sur mesure . Nos équipes, issues des meilleures écoles , s'intègrent chez nos clients ou opèrent depuis notre LAB interne, véritable foyer d’innovation . Chez Oventi, nous privilégions le ""sur mesure"" et l'innovation concrète. Chaque collaborateur est accompagné, formé et suivi pour garantir une culture d'excellence et un impact réel.   Pourquoi ce…"
5761834768,Data Engineer H/F (CDI),Data Engineer,GROUPAGORA Grand Ouest,"Rennes-Sud-Ouest, Rennes",France,,,permanent,2026-06-13T00:16:20Z,GroupAgora est une ESN et cabinet de recrutement accompagnant ses clients dans leurs projets IT depuis plusieurs années. Les missions du poste Vous rejoignez une équipe data en cours de structuration au sein d'un groupe en pleine transformation digitale. Votre mission principale sera d'accompagner la migration du socle data existant vers une Modern Data Platform. Vos missions : -Participer à la migration et à la modernisation de la plateforme data -Concevoir et développer des pipelines de donné…
5702010466,Data Engineer H/F (CDI),Data Engineer,Kaino,"Gard, Occitanie",France,,,permanent,2026-04-17T03:17:58Z,"CDI – Nimes (30) Kaino, cabinet de recrutement spécialisé, recrute un(e) Data Engineer pour une société experte des infrastructures critiques, de l’hébergement sécurisé et des services IT à forte exigence de fiabilité. Depuis plus de 10 ans, l’entreprise accompagne des clients issus des secteurs du transport, de la santé et de l’industrie, dans un environnement certifié ISO 27001 et HDS, où la donnée et la sécurité occupent une place stratégique. CDI – Nimes (30) Kaino, cabinet de recrutement s…"
5751354942,Data Engineer,Data Engineer,Kaino,"Gard, Occitanie",France,35000.0,38000.0,permanent,2026-06-04T03:20:19Z,"Description du poste CDI – Nimes (30) Kaino, cabinet de recrutement spécialisé, recrute un(e) Data Engineer pour une société experte des infrastructures critiques, de l’hébergement sécurisé et des services IT à forte exigence de fiabilité. Depuis plus de 10 ans, l’entreprise accompagne des clients issus des secteurs du transport, de la santé et de l’industrie, dans un environnement certifié ISO 27001 et HDS, où la donnée et la sécurité occupent une place stratégique. MISSIONS : Au sein d’un env…"
5729564815,Data Engineer,Data Engineer,Ideal Match,"1er-Arrondissement, Lyon",France,350.0,400.0,,2026-05-14T22:32:38Z,Présentation de la société Nous recherchons un Data Engineer (F/H) pour intervenir sur un projet d’envergure et contribuer à la gestion et l’optimisation des flux de données. Description Vos missions Concevoir et optimiser les pipelines de traitement des données avec Spark et Scala . Travailler sur des volumes de données massifs et assurer leur qualité et leur performance. Développer et maintenir des solutions de data processing adaptées aux besoins métiers. Collaborer avec les équipes techniqu…
5742044892,DATA ENGINEER,Data Engineer,O2MAX,"4ème-Arrondissement, Lyon",France,,,permanent,2026-05-27T09:18:24Z," Recherche Data Engineer Dans le cadre du renforcement de notre équipe Data, nous recherchons un(e) Data Engineer expérimenté(e) pour intervenir sur des projets à forte volumétrie et enjeux de production. Compétences obligatoires Spark Java PL/SQL Forte culture du RUN (gestion de production, supervision, traitement des incidents, optimisation et maintien en condition opérationnelle) Missions Développer et maintenir des pipelines de données robustes et performants Participer aux traitements Big …"
5753049783,DATA ENGINEER,Data Engineer,STATERA,"Aix-en-Provence, Bouches-du-Rhône",France,,,,2026-06-05T12:06:49Z,"DATA ENGINEER (H/F) STATERA est une société d’ingénierie et de conseil qui porte une attention particulière à la qualité de la relation, à l’exigence des missions et à l’engagement de ses consultants. Nous accompagnons des grands comptes sur des projets stratégiques autour de l’applicatif, du DevOps, du Cloud, de l’Agilité, de la Cybersécurité, du Big Data et de l’IA. Dans le cadre de notre développement, nous recherchons un Data Engineer. Démarrage : ASAP Contexte international : anglais coura…"
5726703285,Data Engineer,Data Engineer,SOFTEAM,"Paris, Ile-de-France",France,,,,2026-05-12T11:41:48Z,"Vous évoluez dans le domaine de la Data et souhaitez intégrer un leader de la transformation numérique spécialisé dans les secteurs de la Banque, du Luxe, de l'Assurance, de la Finance, de l'Energie et la possibilité d'évoluer au sein du Groupe Docaposte ! Softeam est labellisé ""HappyIndex® AtWork "" 2022 pour la 5ème année consécutive ! Nos collaborateurs travaillent en « mode projet » autour des Modern DATA Platform ☁ et technologies Big Data Azure Cloud / On premise et autre ""playeur"" du marc…"
5754286059,Data Engineer,Data Engineer,ThunderSoft,"Paris, Ile-de-France",France,,,,2026-06-06T12:20:36Z,"Mission You will join the Data Platform team as a Data Engineer and you will be responsible for building, optimizing, and maintaining data pipelines and infrastructure to support scalable data processing and storage. This includes designing data architectures, ensuring efficient data flow, and enabling easy access to data for analytics and machine learning applications. You will work closely with other engineers, data scientists, and product teams to ensure data quality, security, and integrati…"
5762961584,Machine Learning Engineer,Machine Learning Engineer,Pernod Ricard,France,France,,,,2026-06-13T23:15:20Z,"About the job We, Pernod Ricard - a world leading company in the Wine & Spirits industry -, are looking for an AI/Machine Learning Engineers, based at “The Island”, our global headquarters in central Paris. In this role, you’ll have the chance to roll up your sleeves to make the date science solutions operational. Your key missions: Report directly to the manager of team Machine Learning Engineers and Research Scientists, you will join our cross-functional team of machine learning engineers, re…"
5752863358,Machine Learning Engineer,Machine Learning Engineer,MailerLite,France,France,55000.0,80000.0,permanent,2026-06-05T07:34:27Z,"MailerLite is one of the fastest-growing email marketing services. We help more than 1 million businesses around the world stay in touch with their customers. Today, we are a team of more than 170 dreamers, adventurers, and world travelers passionate about what we do and what we believe in. And we are ready for another talented person to join the party. We’re looking for a Machine Learning Engineer to help us build the intelligence layer behind our products - turning the behavioral data of over…"
5702063436,Machine Learning Engineer,Machine Learning Engineer,Breople,"8ème Arrondissement, Paris",France,,,permanent,2026-04-17T03:52:22Z,"Description du poste À propos de nous: Breople : votre partenaire technologique de nouvelle génération. Breople est une société de conseil en informatique innovante dédiée à aider les entreprises à maximiser la valeur de leurs données. Spécialisée dans les solutions de travail moderne, nous aidons les clients à optimiser des outils tels que Teams, Slack et Microsoft 365, assurant une intégration fluide et une efficacité optimale. Nos développeurs Full Stack améliorent les applications web nouve…"
5733889738,Machine Learning Engineer,Machine Learning Engineer,WHIZE,"Neuilly-sur-Seine, Nanterre",France,,,,2026-05-19T11:34:07Z,"Welcome To The World Of Whizdom ! Offre d'emploi pour un CDI : Développeur Machine learning (ML) WHIZE est spécialisée dans le développement de solutions sur mesure en architecture Serverless (Azure, AWS) et de solutions basées sur l'écosystème Microsoft 365 (SharePoint, Teams, Power Platform). Vos missions : Développement d’application en lien avec l’exploitation de modèles de types machine learning : prédictions de consommation, maintenance prédictive de nos infrastructures (canalisations, co…"
5757056049,Machine Learning Engineer,Machine Learning Engineer,trg.recruitment,"Paris, Ile-de-France",France,,,,2026-06-09T12:08:41Z,Founding ML Engineer | Paris | 4 days in office Why this role? Pioneer how we interact with robotics. We've already proved the concept our debut product and it sold out after going viral. Now we're scaling to hundreds of thousands of units. No more robotics stuck in a lab. No more demos that never ship. You'll take full ownership of the ML stack and operate at startup speed: something you built this week will be in a customer's hands before the next one starts. You'll work alongside a team of e…
5753221445,Freelance Machine Learning Engineer,Machine Learning Engineer,Mindrift,"Lyon, Rhône",France,,,,2026-06-05T15:09:15Z,"Please submit your CV in English and indicate your level of English proficiency. Mindrift connects specialists with project-based AI opportunities for leading tech companies, focused on testing, evaluating, and improving AI systems. Participation is project-based, not permanent employment. What this opportunity involves While each project involves unique tasks, contributors may: Design original computational STEM problems that simulate real scientific workflows Create problems that require Pyth…"
5753221444,Freelance Machine Learning Engineer,Machine Learning Engineer,Mindrift,France,France,,,,2026-06-05T15:09:15Z,"Please submit your CV in English and indicate your level of English proficiency. Mindrift connects specialists with project-based AI opportunities for leading tech companies, focused on testing, evaluating, and improving AI systems. Participation is project-based, not permanent employment. What this opportunity involves While each project involves unique tasks, contributors may: Design original computational STEM problems that simulate real scientific workflows Create problems that require Pyth…"
5753221439,Freelance Machine Learning Engineer,Machine Learning Engineer,Mindrift,"Paris, Ile-de-France",France,,,,2026-06-05T15:09:15Z,"Please submit your CV in English and indicate your level of English proficiency. Mindrift connects specialists with project-based AI opportunities for leading tech companies, focused on testing, evaluating, and improving AI systems. Participation is project-based, not permanent employment. What this opportunity involves While each project involves unique tasks, contributors may: Design original computational STEM problems that simulate real scientific workflows Create problems that require Pyth…"
5752630959,Machine Learning Engineer - CDI,Machine Learning Engineer,Collective.work,"8ème Arrondissement, Paris",France,,,permanent,2026-06-05T03:23:02Z,"Description du poste Le client recherche un profil Machine Learning Engineer / AI Engineer avec une forte sensibilité MLOps, conteneurisation et software engineering , pour intervenir sur plusieurs sujets IA déjà en production ou en cours d'industrialisation. Principales missions 1. Industrialisation et monitoring d'agents IA Finaliser une application de monitoring d'agents IA. Mettre en place des fonctionnalités d'évaluation offline à partir de datasets de test. Comparer différentes versions d…"
5757866930,Machine Learning Engineer - Freelance,Machine Learning Engineer,Collective.work,"8ème Arrondissement, Paris",France,,,contract,2026-06-10T03:25:06Z,"Description du poste Taux journalier (TJM): Selon profil Tu rejoins une équipe pluridisciplinaire . En tant que ML Engineer, tu interviens sur l'ensemble du cycle de vie des features ML — de l'idée à la mise en production — en collaboration étroite avec les équipes back-end, front-end et produit. Parmi les sujets sur lesquels tu pourras contribuer : personnalisation des résultats de recherche (nouveaux signaux, nouvelles architectures de modèles, A/B tests), refonte du système d'auto-complétion…"
5759087536,Machine Learning Engineer - Paris ,Machine Learning Engineer,DentalMonitoring,"17ème Arrondissement, Paris",France,,,,2026-06-10T23:16:29Z,"DentalMonitoring, scale-up de la MedTech en plein développement, recherche de nouveaux talents pour renforcer ses équipes !  Ce que DentalMonitoring apporte à ses client·e·s  ✦ Monitoring et optimisation des traitements orthodontiques au moyen de notre SaaS ✦ Aide aux diagnostics grâce à notre IA développée en interne, la première dans le domaine des soins de santé bucco-dentaire ✦ Une expérience orthodontique étudiée de manière approfondie: nous sommes pionniers sur le marché et avons déposé p…"
5696215667,Machine Learning Engineer - CDI,Machine Learning Engineer,Collective.work,"La-Madeleine, Lille",France,,,permanent,2026-04-11T03:40:06Z,"Description du poste Dans le cadre du développement et de l’industrialisation de solutions basées sur l’intelligence artificielle, nous recherchons un(e) Machine Learning Engineer expérimenté(e) afin de renforcer une équipe data en charge de déployer et opérer des applications ML à fort impact métier. La mission s’inscrit dans une démarche d’optimisation des pipelines de données, d’industrialisation des modèles et d’intégration de solutions d’IA (incluant IA générative) au sein de produits digi…"
5753052896,Senior Machine Learning Engineer,Machine Learning Engineer,Doctrine,"Paris, Ile-de-France",France,,,,2026-06-05T12:07:36Z,"Notre mission ⚖️ Chez Doctrine, nous construisons le leader de l’IA juridique en Europe. Notre conviction ? Le droit ne doit pas être ralenti par des tâches répétitives. Il doit être augmenté par une IA spécialisée, conçue pour comprendre, analyser et produire du raisonnement juridique avec un haut niveau d’exigence. Notre ambition ? Permettre aux professionnels du droit de gagner en fiabilité, en efficacité et en sérénité, grâce à une plateforme unique, exhaustive et sécurisée. Aujourd’hui, 27…"
5656670811,Machine Learning Engineer - Foundational,Machine Learning Engineer,Harmattan AI,"Paris, Ile-de-France",France,,,,2026-03-06T21:17:10Z,"About Us Harmattan AI is a next-generation defense prime building autonomous and scalable defense systems. Following the close of a $200M Series B, valuing the company at $1.4 billion, we are expanding our teams and capabilities to deliver mission-critical systems to allied forces. Our work is guided by clear values: building technologies with real-world impact, pursuing excellence in everything we do, setting ambitious goals, and taking on the hardest technical challenges. We operate in a dema…"
5755701088,FR - Machine Learning Engineer,Machine Learning Engineer,MARSS,"Nice 13e Canton, Nice",France,,,,2026-06-07T22:57:13Z,"Position: Machine Learning Engineer Location: France - Nice Reporting: VP ML/AI Role: Full-time The Position MARSS is investing in the Machine Learning field in order to improve our NiDAR software in the following areas: Video Classification, Detection, Tracking Pattern recognition / Anomaly detection Radar tracking Radio Frequency analysis Our current focus is strongly in the video area, but we aim at growing quickly our experiments in the other fields. Our team is growing, and we expect the M…"
5726702143,Senior Machine Learning Engineer,Machine Learning Engineer,Meet Life Sciences,"Paris, Ile-de-France",France,,,,2026-05-12T11:41:33Z,"Role: Lead LLM/NLP Research Engineer Industry: Drug Discovery & Healthtech Location: Paris, Hybrid Interested in joining a team focused on transforming medicine with AI? We are currently partnered with a team focusing on developing models that are making personalized treatments a reality at scale. As a Lead LLM/NLP Research Engineer, you will guide technical direction while remaining deeply hands-on in building and deploying cutting-edge AI systems. Expectations: Lead the design and development…"
5724584413,Machine Learning Engineer Intern,Machine Learning Engineer,Criteo Technology,"Grenoble, Isère",France,,,,2026-05-09T23:02:30Z,"What You'll Do: As a Machine Learning Intern in the Onsite Recommendation Models team, you’ll work closely with experienced ML engineers to tackle a real, ambitious production challenge: building a unified multi‑task recommendation model. From day one, you’ll be supported by a mentor and fully integrated into the team. You’ll be encouraged to ask questions, share ideas, and actively participate in technical discussions, workshops, and knowledge‑sharing sessions. Your work will have real impact,…"
4521743364,Machine Learning Engineer (F/H),Machine Learning Engineer,NOVENCIA Groupe,"Lyon, Rhône",France,,,permanent,2024-01-12T14:09:45Z,"Carnet de route Novencia accompagne ses clients dans leurs projets de transformation digitale, technologique et data. Expert en Data et Intelligence Artificielle nous aidons nos clients à exploiter et valoriser leurs données sous toutes ses formes en les accompagnant sur des projets de Data Gouvernance, Data Architecture, Data Science, et Data Engineering. Machine Learning Engineer depuis au moins 3 ans, tu es à la recherche de nouveaux défis. Boucle ta ceinture, la suite est pour toi ! Évidemm…"
5761699958,Machine Learning Engineer H/F,Machine Learning Engineer,Choisir le Service Public,France,France,,,contract,2026-06-12T22:48:34Z,Informations générales Organisme de rattachement Direction générale de la sécurité intérieure Référence MINT_BS091PNA-115475 Date de début de diffusion 04/02/2026 Date de parution 11/06/2026 Date de fin de diffusion 31/12/2026 Date limite de candidature 31/12/2026 Versant Fonction Publique de l'Etat Catégorie Catégorie A (cadre) Nature de l'emploi Emploi ouvert aux titulaires et aux contractuels Domaine / Métier Numérique - Data Scientist Statut du poste Susceptible d'être vacant Intitulé du po…
5630002468,Senior Machine Learning Engineer - Access,Machine Learning Engineer,Doctrine,"Paris, Ile-de-France",France,,,,2026-02-14T21:03:22Z,"Notre mission ⚖️ Chez Doctrine, nous construisons le leader de l’IA juridique en Europe. Notre conviction ? Le droit ne doit pas être ralenti par des tâches répétitives. Il doit être augmenté par une IA spécialisée, conçue pour comprendre, analyser et produire du raisonnement juridique avec un haut niveau d’exigence. Notre ambition ? Permettre aux professionnels du droit de gagner en fiabilité, en efficacité et en sérénité, grâce à une plateforme unique, exhaustive et sécurisée. Aujourd’hui, 27…"
5726701870,Generative AI Engineer (F/H),AI Engineer,Aubay,"Paris, Ile-de-France",France,,,,2026-05-12T11:41:29Z,"Passionné par la Data, vous souhaitez rejoindre une communauté d’experts dans le domaine afin de développer votre expertise en Data Science et Intelligence Artificielle. Aubay Data & AI, cabinet spécialisé Data de Aubay Solutec, renforce ses équipes et recherche des consultants spécialisés en IA générative pour intervenir sur des projets innovants et challengeants auprès de clients grands comptes. Votre quotidien en tant que Generative AI Engineer au sein de Aubay Data & AI : Mise en œuvre de p…"
5737475939,AI engineer,AI Engineer,Stakha,"Paris, Ile-de-France",France,,,,2026-05-22T11:32:17Z,"Stakha recrute plusieurs SW / AI Engineers pour un labo d'IA en stealth basé à Paris, qui travaille directement sur l'amélioration des modèles des plus grands labos US. Vu la levée de fonds à venir, les clients et le revenu déjà générés, on en parlera partout d'ici quelques mois  L'équipe (25-30 ans- shippe à un rythme qu'on voit rarement en Europe : c'est du build dur, 10 à 12h/jour hors week-end. 18 mois qui valent 5 ans d'XP ailleurs.  Le rôle En tant que SW / AI Engineer, tu interviens sur …"
5722104963,AI Engineer,AI Engineer,360Learning,France,France,,,,2026-05-07T22:47:04Z,"AI is central to 360Learning's strategy: our AI Squad ships agentic features that help users discover, create, and administrate content. As an AI Engineer, you'll architect and ship the next generation of these AI systems, from prototype to production. You will join the AI Squad as its second AI Engineer, working closely with 1 peer AI Engineer, 1 Product Manager, 1 Product Designer, and 4 Full-Stack Developers. You will own the technical strategy for AI features while collaborating directly wi…"
5737477560,AI ENGINEER,AI Engineer,BEYOND SKILLS,"Paris, Ile-de-France",France,,,,2026-05-22T11:33:57Z," Rôle & Missions En tant qu’AI Engineer, tu travailleras sur des problématiques concrètes et complexes autour de l’IA appliquée à la comptabilité et aux workflows métiers. Les principaux sujets incluent : • Construction d’un AI Copilot capable de répondre à des problématiques métier complexes • Développement de fonctionnalités IA autour de la gestion intelligente des emails clients • Création de systèmes d’analyse continue pour détecter des signaux faibles et générer des insights pertinents • T…"
5737475709,AI Engineer,AI Engineer,BEYOND SKILLS,"Paris, Ile-de-France",France,,,,2026-05-22T11:31:47Z," AI Engineer : Help Build the Next AI Powerhouse Location: Paris (Hybrid – 2 days remote/week) Contract: Full-time / Permanent Language Requirements: Fluent French  Professional English Join a fast-growing French AI scale-up , backed by top-tier investors, as an AI Engineer and play a pivotal role in building the technical foundation of the company’s product and infrastructure. This is more than just a technical role it’s a unique opportunity to build the architecture, shape the product, and de…"
5750947349,AI Engineer,AI Engineer,Lithosquare,"Paris, Ile-de-France",France,,,,2026-06-03T22:45:25Z,"About the company The transition to a sustainable future requires discovering new mineral resources to power clean technologies and renewable energy solutions. From lithium for electric vehicle batteries, to copper for wind turbines, and rare earth elements for electronics — these minerals are the building blocks of our energy transition. Lithosquare radically speeds up mineral exploration by combining foundational AI, geological expertise, and real-world data — to reduce uncertainty, prioritiz…"
5737399556,AI Engineer,AI Engineer,Cabinet EKINOX,"17ème Arrondissement, Paris",France,,,permanent,2026-05-22T09:15:55Z,"En tant qu'AI Engineer, vous occupez une position véritablement stratégique et pivot au sein de l'organisation. Vous n'êtes pas seulement un expert technique, mais le moteur de la transformation technologique globale, chargé de définir et d'implémenter le futur opérationnel de l'entreprise via l'intelligence artificielle. En lien direct avec la Direction Générale, vous jouez un rôle clé pour maintenir notre avance compétitive et redéfinir nos standards d'excellence. Vos Missions : - Architectur…"
5762408578,AI Engineer,AI Engineer,OVENTI Consulting,"Lille, Nord",France,,,,2026-06-13T11:45:00Z," OVENTI Consulting , cabinet de conseil en Data et Intelligence Artificielle, allie expertise technique de pointe , vision stratégique et accompagnement sur mesure . Nous couvrons tout le cycle de vie des projets Data/IA, de la stratégie à l'implémentation de solutions personnalisées (ML, BI, automatisation intelligente). Nos équipes, issues des meilleures écoles, s’intègrent chez nos clients ou opèrent depuis notre LAB intern e, véritable foyer d’innovation . Chez Oventi, nous privilégions l e…"
5739132705,AI Engineer,AI Engineer,Pivot,"Paris, Ile-de-France",France,,,,2026-05-23T22:50:01Z,"About us Every company that scales lives or dies by its procurement function. It manages the vendor relationships that keep operations running, the financial guardrails that prevent overspend, and the supply chain resilience that determines whether a company survives a crisis or folds under one. And yet, the people doing this work spend 80% of their time in spreadsheets. Not because they lack ambition, because the tools haven't changed in 25 years. Pivot is building the AI operating system for …"
5722103512,AI engineer,AI Engineer,Lucis,"Paris, Ile-de-France",France,,,,2026-05-07T22:46:41Z,"Making preventive health the default for every human in Europe The mission At Lucis , we believe healthcare should be preventive, not reactive. We’re building the OS for human longevity to help people add more healthy years to their lives. You can read more about who we are and how we work here . The role We're building AI agents that act as a doctor for preventive health — analyzing 110 biomarkers, reasoning over clinical data, and delivering protocols that change how people age. The system wo…"
5762964096,AI Engineer,AI Engineer,Renaissance Learning EMEA APAC,"Paris, Ile-de-France",France,55000.0,70000.0,,2026-06-13T23:17:39Z,"About Us Renaissance® is a global leader in education technology. We help schools and school groups in the UK and around the world with educational assessments, practice and intervention solutions, and data analytics. Renaissance now incorporates GL Assessment (known internationally as GL Education), too – a leading provider of educational assessments. Together, our assessments offer the ideal starting point to help teachers understand their students’ strengths and pinpoint areas of need. Our t…"
5757713987,AI Engineer,AI Engineer,Licorne Society,"Paris, Ile-de-France",France,,,,2026-06-09T23:33:16Z,"Nous accompagnons l'un des leaders européens du conseil dans le renforcement de sa Business Unit Intelligence Artificielle (près de 200 experts). Pourquoi ce projet est unique ? Parce qu'il ne s'agit pas de faire de la ""veille technologique"", mais de construire l'infrastructure vitale qui permet à l'IA d'exister à l'échelle industrielle. Pour notre client, nous recherchons les architectes et bâtisseurs de ces fondations : les Consultants AI & Data Platform. Consultant AI & Data Platform : L'Inf…"
5629975710,AI Engineer,AI Engineer,Skello,"Paris, Ile-de-France",France,,,,2026-02-14T20:59:28Z," Skello en bref Chez Skello, on développe la solution RH de référence pour planifier et manager les équipes de terrain. En Europe, les équipes de terrain représentent 50 % des travailleurs, mais seulement 20 % des solutions digitales leur sont réellement adressées. Skello est né pour combler ce manque : une plateforme collaborative et intuitive qui simplifie le quotidien des managers et des employés, en optimisant et en automatisant les tâches clés. On met les équipes de terrain au cœur de tout…"
5750260708,AI ENGINEER,AI Engineer,iPepper,"Paris, Ile-de-France",France,,,permanent,2026-06-03T09:34:31Z,"Al ENGINEER PROFIL : Expérimenté (3 à 7 ans d'experience) Description de la mission L'Al Engineer est en charge de la construction/développement, de l'industrialisation et de déploiement des projets en production, il est accompagné par les services informatiques et les équipes d'exploitation et s'appuie également sur des ressources cloud (GCP, AWS) suivant les besoins. Missions: Le poste proposé vise à concevoir, industrialiser et opérer des solutions d'IA robustes, scalables et responsables, d…"
5749925004,AI ENGINEER - CDI,AI Engineer,Collective.work,"8ème Arrondissement, Paris",France,85000.0,85000.0,permanent,2026-06-03T03:21:40Z,"Description du poste Recherche AI ENGINEER : Software Engineer / Data pour une startup early stage.  Le rôle : • Transformer des problématiques métier complexes (emails, docs, historique client) en features IA robustes • Ship en production, pas expérimenter dans le vide • Ownership complet : scope → design → implémentation → mesure → itération ️ Stack : • Python (clean, testé), FastAPI, pytest • LLMs, RAG, vector DB (pgvector, Qdrant…) • LangChain, LangGraph, LangFuse • AWS, Docker, CI/CD  Cond…"
5753028382,AI Engineer - Cybersécurité,AI Engineer,Urban Linker,"Paris, Ile-de-France",France,,,,2026-06-05T11:59:13Z,"Présentation de l’entreprise Cette startup early-stage, récemment financée à hauteur de plusieurs millions d'euros, redéfinit les standards de la cybersécurité en développant une plateforme souveraine d'IA offensive. Leur mission ? Transformer le test d'intrusion (pentest) en une capacité continue grâce à des agents d'IA capables de simuler des attaques réelles sur des systèmes complexes. Déjà adoptée par des leaders du marché, l'équipe est composée d'experts de l'IA et de la sécurité travailla…"
5759796076,Senior AI Engineer,AI Engineer,Cavendish Professionals,France,France,,,,2026-06-11T11:59:12Z,"We are looking for fully-remote Senior AI Engineers Key Responsibilities Design and develop AI-powered applications using LLMs (OpenAI, Anthropic, open-source models, etc.) Build and maintain backend services using Python and FastAPI Integrate AI workflows using frameworks like LangChain or LangGraph Design and implement APIs for AI services and application logic Work with PostgreSQL or other relational databases for data storage and retrieval Build and manage prompt pipelines, agents, and orch…"
5740325377,LEAD AI ENGINEER,AI Engineer,LCL,"Villejuif, L'Haÿ-les-Roses",France,,,,2026-05-25T11:35:15Z,"Le contexte : Le pôle IA, rattachée à la Direction des systèmes d’information de LCL, est une équipe à taille humaine composée d’une équipe scientifique (Data Science & Data Engineering), trois chefs de projets scientifiques, un référent architecture et de son responsable. Il a vocation à proposer des solutions innovantes, basées sur la Data Science, pour répondre aux divers besoins métiers de la banque, dans une optique d’industrialisation des projets menés. Le poste : En tant que Lead AI Engi…"
5741771147,AI Engineer - CDI,AI Engineer,Collective.work,"8ème Arrondissement, Paris",France,115000.0,115000.0,permanent,2026-05-27T03:18:54Z,"Description du poste Salaire: Jusqu'à 115k€ À propos de l'entreprise Notre client est une plateforme SaaS de Contract Lifecycle Management (CLM) assistée par IA, qui aide les entreprises à automatiser, sécuriser et scaler leurs processus contractuels (rédaction, négociation, signature, suivi). Le produit phare intègre désormais un assistant IA qui permet d'automatiser : la rédaction de clauses ou contrats entiers , l' extraction de données contractuelles (OCR / IDP), l' analyse de conformité et…"
5744474855,Gen AI Engineer,AI Engineer,WOLSOME,"Ile-de-France, France",France,,,,2026-05-29T11:37:10Z,"Gen AI Engineer (H/F) Dans le cadre du développement de notre practice Data & AI, nous recherchons un Gen AI Engineer pour intervenir chez nos clients grands comptes sur des projets d'intelligence artificielle générative à fort impact métier (Finance, Assurance, Industrie…). L'objectif de la mission est de concevoir et déployer des applications Gen AI robustes et scalables, en s'appuyant sur les dernières avancées en matière de LLM, d'agents autonomes et de RAG. MISSIONS : Conception & développ…"
